TestName,b0,b1
QuickVue,-5.531761,0.9997342
ELISA,-16.74223,3.581284
PCR,-2.6733125,0.9292242
