TestName,b0,b1
Antigen,-3.748627,1.080585
PCR,-2.6733125,0.9292242
