Link,b0,b1
Logit,-1.341727,0.365697
